{"cameraMode":{"drawMode":0,"name":"Shaded","section":"Shading Mode"},"sceneLighting":false,"audioPlay":false,"sceneViewState":{"showFog":true,"showMaterialUpdate":false,"showSkybox":false,"showFlares":true,"showImageEffects":true,"showParticleSystems":true},"in2DMode":false,"pivot":{"x":-13.928079605102539,"y":-2.290767192840576,"z":15.449341773986817},"rotation":{"x":0.03366954252123833,"y":-0.7118041515350342,"z":0.03418640419840813,"w":0.700779378414154},"size":10.854044914245606,"orthographic":false}