{"cameraMode":{"drawMode":0,"name":"Shaded","section":"Shading Mode"},"sceneLighting":false,"audioPlay":false,"sceneViewState":{"showFog":true,"showMaterialUpdate":false,"showSkybox":false,"showFlares":true,"showImageEffects":true,"showParticleSystems":true},"in2DMode":false,"pivot":{"x":-14.452608108520508,"y":-3.232766628265381,"z":15.571500778198243},"rotation":{"x":0.36058253049850466,"y":0.30241134762763979,"z":-0.12484466284513474,"w":0.8734900951385498},"size":2.785677194595337,"orthographic":false}