{"cameraMode":{"drawMode":0,"name":"Shaded","section":"Shading Mode"},"sceneLighting":false,"audioPlay":false,"sceneViewState":{"showFog":true,"showMaterialUpdate":false,"showSkybox":false,"showFlares":true,"showImageEffects":true,"showParticleSystems":true},"in2DMode":false,"pivot":{"x":-8.952342987060547,"y":-10.096478462219239,"z":23.98604965209961},"rotation":{"x":0.15757496654987336,"y":-0.2784835398197174,"z":0.04636914283037186,"w":0.9463146924972534},"size":1.9271667003631592,"orthographic":false}