{"cameraMode":{"drawMode":0,"name":"Shaded","section":"Shading Mode"},"sceneLighting":false,"audioPlay":false,"sceneViewState":{"showFog":true,"showMaterialUpdate":false,"showSkybox":false,"showFlares":true,"showImageEffects":true,"showParticleSystems":true},"in2DMode":false,"pivot":{"x":-13.928079605102539,"y":-2.290767192840576,"z":15.449341773986817},"rotation":{"x":0.12913523614406587,"y":0.8099068403244019,"z":-0.1943410336971283,"w":0.5381813645362854},"size":2.1354153156280519,"orthographic":false}