{"cameraMode":{"drawMode":0,"name":"Shaded","section":"Shading Mode"},"sceneLighting":false,"audioPlay":false,"sceneViewState":{"showFog":true,"showMaterialUpdate":false,"showSkybox":false,"showFlares":true,"showImageEffects":true,"showParticleSystems":true},"in2DMode":false,"pivot":{"x":-9.419113159179688,"y":-12.571548461914063,"z":28.01241111755371},"rotation":{"x":0.03366954252123833,"y":-0.7118041515350342,"z":0.03418640419840813,"w":0.700779378414154},"size":-1.6728332042694092,"orthographic":false}