{"cameraMode":{"drawMode":0,"name":"Shaded","section":"Shading Mode"},"sceneLighting":false,"audioPlay":false,"sceneViewState":{"showFog":true,"showMaterialUpdate":false,"showSkybox":false,"showFlares":true,"showImageEffects":true,"showParticleSystems":true},"in2DMode":false,"pivot":{"x":-10.798130989074707,"y":-4.213974475860596,"z":14.914222717285157},"rotation":{"x":0.10617874562740326,"y":0.6089551448822022,"z":-0.08271196484565735,"w":0.7817249298095703},"size":6.685678958892822,"orthographic":false}