{"cameraMode":{"drawMode":0,"name":"Shaded","section":"Shading Mode"},"sceneLighting":false,"audioPlay":false,"sceneViewState":{"showFog":true,"showMaterialUpdate":false,"showSkybox":false,"showFlares":true,"showImageEffects":true,"showParticleSystems":true},"in2DMode":false,"pivot":{"x":-20.917770385742189,"y":-13.616475105285645,"z":31.380210876464845},"rotation":{"x":0.03366954252123833,"y":-0.7118041515350342,"z":0.03418640419840813,"w":0.700779378414154},"size":2.5728330612182619,"orthographic":false}